"2rFl7bSNup8","Briks at Næstved"
"5rLYVeNWaBM","NSDBC U15 men, Denmark - Nederlands, 05-08-2016"
"8dALOTuNz6s","Stenhus(blue) comeback vs. Sisu u21 part 1"
"9OQDmW6qW0k","Sisu - Næstved U14 GP -Pulje 2, runde 2"
"9__IyIIJEiQ","Syracuse vs Duke Basketball 2018 (Feb. 24)"
"ab-8dEI-LyE",
"AZ25h-VvHmY","#1 Kentucky vs #4 Louisville Ncaa Tournament Final"
"BzDzPZbqjCw","2006 #15 North Carolina at #1 Duke 1 of 1"
"cEApa25g8pE","# 6 North Carolina @ #3 Duke 3-3-12 (Full Game)"
"cimmq3InGqs","Oliver Strøh - 2017/18 season Basketligaen Highlig"
"ClvqWamq9U0","Tsmoki-Minsk (BLR) v Bakken Bears (DEN) - Full Gam"
"CNbitZ4tQ9k","BKA vs. Birkerød; U14"
"E1mlu_smOlk","Lundaspelen 2010 vs. Frankfurt"
"fD-guAlqNls","USG @ Briks Second Half"
"GvaKUGYCW_U","Final4 øst finale 2010: ALBA @ Birkerød"
"hh3VOln0yNU","AC 2014 Finale U16 Drenge BMS vs  BKA"
"ibpex86xft0","PG County Boys Middle School Basketball Championsh"
"jlrgv9T0bsM","AC 2014 Finale U19 Drenge Belgrade vs  SISU"
"jVILK_yEtxU","North Carolina vs Duke 2014"
"JvQ6FHjMlys","Final 4 finale øst 2009 vs. BMS"
"kFjo6DUegkc","Park Center vs. Elk River Girls High School Basket"
"lUHGRPpPW-o","Nordic Championships 2015 Harald Frey"
"MkeINcoK8To","Amager vs SISU U19 | Amager Cup 2017"
"ml8LYC1aQ68","#1 Syracuse vs #2 Ohio State Ncaa Tournament Elite"
"MXUmH4A79Ys","Horsens IC vs. Bakken Bears"
"nQkGtLh0iXg","Birkerød - ALBA"
"o1WhvZKUeKU","#1 Chino Hills vs #7 Bishop Montgomery Epic Showdo"
"ODdDqduHQHM","U19 Herrer - slutspil kvartfinale - Stenhus BK vs."
"QbAKXChOUJQ","U19 Herrer BMS vs Stenhus BK"
"rE9_zBpNbps","NBA Finals 2004. LA Lakers vs Detroit Pistons. Gam"
"tJYyHdY7UPc","Dameligaen d. 24. april 2018, Finale "
"tNJxXr-CRkw","Brazil @ USA 2012 Olympic Basketball Exhibition FU"
"UZFezcpo-z4","Henrik Norre Nielsen afskedskamp. ""Norre Tonight"""
"v4hNxbVowaA","Broenshoej First Half"
"VfJ7YfIx3p4","Basketligaen: SISU vs Stevnsgade 2 marts 2017."
"VsU-33l8jO8","Golden State Warriors vs Portland Trail Blazers Fu"
"vWG_Ds1z8wA","2017-11-02 Flyers U18 II v Flyers U18 Prem (Cup)"
"W46hP35qC88","Breck vs. Brooklyn Center Boys High School Basketb"
"yIZFb82ikDs","BKA vs Hørsholm; U14 - Final Four ØST, Semifinale "
"YNFetk24Beg","U19 Herrer Stenhus BK vs Birkerød BK"
"y_oj4eON2JE","BMS u12 mod Virum Del 2"
